{
  "builders": [
    {
      "disk_type": "network-nvme",
      "folder_id": "b1gp1d8nc2hoglc4llu8",
      "image_description": "by packer",
      "image_family": "centos",
      "image_name": "centos-7-base",
      "source_image_family": "centos-7",
      "ssh_username": "centos",
      "subnet_id": "e9b6eb996l1k9516ig5e",
      "token": "y0_AgAAAAAWV2JzAATuwQAAAADnw7Dz1HC7PNxLQ-yESrKNnoJwqndHmaE",
      "type": "yandex",
      "use_ipv4_nat": true,
      "zone": "ru-central1-a"
    }
  ],
  "provisioners": [
    {
      "inline": [
        "sudo yum -y update",
        "sudo yum -y install bridge-utils bind-utils iptables curl net-tools tcpdump rsync telnet openssh-server"
      ],
      "type": "shell"
    }
  ]
}
